product_id,name,category,description,lost_description,price,image_url,image_path,source
PROD_001,"Fjallraven - Foldsack No. 1 Backpack, Fits 15 Laptops",mens clothing,"Your perfect pack for everyday use and walks in the forest. Stash your laptop (up to 15 inches) in the padded sleeve, your everyday","I lost a backpack that's pretty versatile - it's got a padded sleeve for laptops and some extra compartments for everyday stuff, and it's got a cool design that's supposed to be for hiking or walking in the woods.",109.95,https://fakestoreapi.com/img/81fPKd-2AYL._AC_SL1500_t.png,images/PROD_001.jpg,fakestoreapi
PROD_002,Mens Casual Premium Slim Fit T-Shirts ,mens clothing,"Slim-fitting style, contrast raglan long sleeve, three-button henley placket, light weight & soft fabric for breathable and comfortable wearing. And Solid stitched shirts with round neck made for durability and a great fit for casual fashion wear and diehard baseball fans. The Henley style round neckline includes a three-button placket.","I lost a slim-fitting t-shirt, it's got a contrast raglan long sleeve and a three-button henley placket, it's made of a lightweight and soft fabric that's really comfortable to wear. It's got a round neck and solid stitching, and it's a pretty standard-looking shirt - not too fancy, but it's a great fit.",22.3,https://fakestoreapi.com/img/71-3HjGNDUL._AC_SY879._SX._UX._SY._UY_t.png,images/PROD_002.jpg,fakestoreapi
PROD_003,Mens Cotton Jacket,mens clothing,"great outerwear jackets for Spring/Autumn/Winter, suitable for many occasions, such as working, hiking, camping, mountain/rock climbing, cycling, traveling or other outdoors. Good gift choice for you or your family member. A warm hearted love to Father, husband or son in this thanksgiving or Christmas Day.","I lost a pretty standard cotton jacket, it's a pretty versatile outerwear piece that I've had for a while, it's just your basic, all-around jacket for casual, everyday stuff.",55.99,https://fakestoreapi.com/img/71li-ujtlUL._AC_UX679_t.png,images/PROD_003.jpg,fakestoreapi
PROD_004,Mens Casual Slim Fit,mens clothing,"The color could be slightly different between on the screen and in practice. / Please note that body builds vary by person, therefore, detailed size information should be reviewed below on the product description.","I lost a slim fit shirt, it's pretty casual and versatile, I'd say it's a lighter blue color that's maybe a bit darker in certain lighting conditions. The fit is supposed to be slim, but I'm not super sure about the size since everyone's body shape is different.",15.99,https://fakestoreapi.com/img/71YXzeOuslL._AC_UY879_t.png,images/PROD_004.jpg,fakestoreapi
PROD_005,John Hardy Women's Legends Naga Gold & Silver Dragon Station Chain Bracelet,jewelery,"From our Legends Collection, the Naga was inspired by the mythical water dragon that protects the ocean's pearl. Wear facing inward to be bestowed with love and abundance, or outward for protection.","I lost a chain bracelet from the John Hardy Women's Legends collection, it's got a gold and silver dragon design on it - I'm not really sure what the specific details are, it's just this really cool looking dragon, and it was on my wrist when I was walking across campus.",695.0,https://fakestoreapi.com/img/71pWzhdJNwL._AC_UL640_QL65_ML3_t.png,images/PROD_005.jpg,fakestoreapi
PROD_006,Solid Gold Petite Micropave ,jewelery,Satisfaction Guaranteed. Return or exchange any order within 30 days.Designed and sold by Hafeez Center in the United States. Satisfaction Guaranteed. Return or exchange any order within 30 days.,"I lost a small gold necklace with a bunch of tiny sparkly stones all over it, it's pretty and I really liked it.",168.0,https://fakestoreapi.com/img/61sbMiUnoGL._AC_UL640_QL65_ML3_t.png,images/PROD_006.jpg,fakestoreapi
PROD_007,White Gold Plated Princess,jewelery,"Classic Created Wedding Engagement Solitaire Diamond Promise Ring for Her. Gifts to spoil your love more for Engagement, Wedding, Anniversary, Valentine's Day...","I lost a white gold plated diamond ring with a small diamond solitaire in the center, it's a pretty classic and simple design, and I'm pretty sure I had it on when I was walking across campus yesterday.",9.99,https://fakestoreapi.com/img/71YAIFU48IL._AC_UL640_QL65_ML3_t.png,images/PROD_007.jpg,fakestoreapi
PROD_008,Pierced Owl Rose Gold Plated Stainless Steel Double,jewelery,Rose Gold Plated Double Flared Tunnel Plug Earrings. Made of 316L Stainless Steel,"I lost a pair of earring studs that have a rose gold plating on them, they're double flared and have this owl design on them, and they're made of a metal that feels really sturdy.",10.99,https://fakestoreapi.com/img/51UDEzMJVpL._AC_UL640_QL65_ML3_t.png,images/PROD_008.jpg,fakestoreapi
PROD_009,WD 2TB Elements Portable External Hard Drive - USB 3.0 ,electronics,"USB 3.0 and USB 2.0 Compatibility Fast data transfers Improve PC Performance High Capacity; Compatibility Formatted NTFS for Windows 10, Windows 8.1, Windows 7; Reformatting may be required for other operating systems; Compatibility may vary depending on user’s hardware configuration and operating system","I lost a portable hard drive that I use to back up my computer files, it's a small external drive with a USB connection and I think it's around 2TB in size, I'm not sure exactly what kind it is but it's definitely a brand I've used before. It's got a bunch of technical specs on the box, but basically it's a hard drive that I use to transfer files between my computer and my other devices.",64.0,https://fakestoreapi.com/img/61IBBVJvSDL._AC_SY879_t.png,images/PROD_009.jpg,fakestoreapi
PROD_010,SanDisk SSD PLUS 1TB Internal SSD - SATA III 6 Gb/s,electronics,"Easy upgrade for faster boot up, shutdown, application load and response (As compared to 5400 RPM SATA 2.5” hard drive; Based on published specifications and internal benchmarking tests using PCMark vantage scores) Boosts burst write performance, making it ideal for typical PC workloads The perfect balance of performance and reliability Read/write speeds of up to 535MB/s/450MB/s (Based on internal testing; Performance may vary depending upon drive capacity, host device, OS and application.)","I lost a laptop drive thingy - it's a solid-state thing that's supposed to make my computer boot up faster or something, and it's got a lot of storage on it. It was in a black case and had a bunch of technical specs on it, but I don't remember seeing the exact model number.",109.0,https://fakestoreapi.com/img/61U7T1koQqL._AC_SX679_t.png,images/PROD_010.jpg,fakestoreapi
PROD_011,Silicon Power 256GB SSD 3D NAND A55 SLC Cache Performance Boost SATA III 2.5,electronics,"3D NAND flash are applied to deliver high transfer speeds Remarkable transfer speeds that enable faster bootup and improved overall system performance. The advanced SLC Cache Technology allows performance boost and longer lifespan 7mm slim design suitable for Ultrabooks and Ultra-slim notebooks. Supports TRIM command, Garbage Collection technology, RAID, and ECC (Error Checking & Correction) to provide the optimized performance and enhanced reliability.","I lost a small external hard drive that's really fast and has a bunch of techy features that make it really useful for my school work, it's got a weird label on the side with some numbers and letters that I don't recognize.",109.0,https://fakestoreapi.com/img/71kWymZ+c+L._AC_SX679_t.png,images/PROD_011.jpg,fakestoreapi
PROD_012,WD 4TB Gaming Drive Works with Playstation 4 Portable External Hard Drive,electronics,"Expand your PS4 gaming experience, Play anywhere Fast and easy, setup Sleek design with high capacity, 3-year manufacturer's limited warranty","I lost a portable external hard drive that I use to transfer files and games between my PS4 and other devices, it's a bit on the smaller side and has a sleek design that makes it easy to take with me wherever I go.",114.0,https://fakestoreapi.com/img/61mtL65D4cL._AC_SX679_t.png,images/PROD_012.jpg,fakestoreapi
PROD_013,Acer SB220Q bi 21.5 inches Full HD (1920 x 1080) IPS Ultra-Thin,electronics,21. 5 inches Full HD (1920 x 1080) widescreen IPS display And Radeon free Sync technology. No compatibility for VESA Mount Refresh Rate: 75Hz - Using HDMI port Zero-frame design | ultra-thin | 4ms response time | IPS panel Aspect ratio - 16: 9. Color Supported - 16. 7 million colors. Brightness - 250 nit Tilt angle -5 degree to 15 degree. Horizontal viewing angle-178 degree. Vertical viewing angle-178 degree 75 hertz,"I lost a laptop with a 21.5 inch Full HD display and Radeon Free Sync technology, it's pretty thin and has a zero-frame design. It uses an HDMI port and has a refresh rate of 75Hz, I'm not sure if it has a VESA mount for the back.",599.0,https://fakestoreapi.com/img/81QpkIctqPL._AC_SX679_t.png,images/PROD_013.jpg,fakestoreapi
PROD_014,Samsung 49-Inch CHG90 144Hz Curved Gaming Monitor (LC49HG90DMNXZA) – Super Ultrawide Screen QLED ,electronics,"49 INCH SUPER ULTRAWIDE 32:9 CURVED GAMING MONITOR with dual 27 inch screen side by side QUANTUM DOT (QLED) TECHNOLOGY, HDR support and factory calibration provides stunningly realistic and accurate color and contrast 144HZ HIGH REFRESH RATE and 1ms ultra fast response time work to eliminate motion blur, ghosting, and reduce input lag","I lost a large curved monitor with a super ultrawide screen - it's about 49 inches across and has a 32:9 aspect ratio, with dual screens side by side. It's a gaming monitor with some fancy quantum dot technology and HDR support, and I think it was factory-calibrated or something.",999.99,https://fakestoreapi.com/img/81Zt42ioCgL._AC_SX679_t.png,images/PROD_014.jpg,fakestoreapi
PROD_015,BIYLACLESEN Women's 3-in-1 Snowboard Jacket Winter Coats,womens clothing,"Note:The Jackets is US standard size, Please choose size as your usual wear Material: 100% Polyester; Detachable Liner Fabric: Warm Fleece. Detachable Functional Liner: Skin Friendly, Lightweigt and Warm.Stand Collar Liner jacket, keep you warm in cold weather. Zippered Pockets: 2 Zippered Hand Pockets, 2 Zippered Pockets on Chest (enough to keep cards or keys)and 1 Hidden Pocket Inside.Zippered Hand Pockets and Hidden Pocket keep your things secure. Humanized Design: Adjustable and Detachable Hood and Adjustable cuff to prevent the wind and water,for a comfortable fit. 3 in 1 Detachable Design provide more convenience, you can separate the coat and inner as needed, or wear it together. It is suitable for different season and help you adapt to different climates","I lost a women's snowboard jacket, it's a US standard size that I wore earlier today, and I think it might be a bit too warm for the campus weather.",56.99,https://fakestoreapi.com/img/51Y5NI-I5jL._AC_UX679_t.png,images/PROD_015.jpg,fakestoreapi
PROD_016,Lock and Love Women's Removable Hooded Faux Leather Moto Biker Jacket,womens clothing,"100% POLYURETHANE(shell) 100% POLYESTER(lining) 75% POLYESTER 25% COTTON (SWEATER), Faux leather material for style and comfort / 2 pockets of front, 2-For-One Hooded denim style faux leather jacket, Button detail on waist / Detail stitching at sides, HAND WASH ONLY / DO NOT BLEACH / LINE DRY / DO NOT IRON","I lost a jacket that's a faux leather biker style, it's got a hood and two pockets on the front, and it's a pretty distinctive color and texture. It's a women's jacket, I'm pretty sure, and it's got some weird synthetic material that's kinda hard to describe - it's like a mix of polyester and something else, I think.",29.95,https://fakestoreapi.com/img/81XH0e8fefL._AC_UY879_t.png,images/PROD_016.jpg,fakestoreapi
PROD_017,Rain Jacket Women Windbreaker Striped Climbing Raincoats,womens clothing,"Lightweight perfet for trip or casual wear---Long sleeve with hooded, adjustable drawstring waist design. Button and zipper front closure raincoat, fully stripes Lined and The Raincoat has 2 side pockets are a good size to hold all kinds of things, it covers the hips, and the hood is generous but doesn't overdo it.Attached Cotton Lined Hood with Adjustable Drawstrings give it a real styled look.","I lost a long-sleeved rain jacket with a hood and adjustable waist, it's got a striped design and is made of a lightweight material, it also has two side pockets.",39.99,https://fakestoreapi.com/img/71HblAHs5xL._AC_UY879_-2t.png,images/PROD_017.jpg,fakestoreapi
PROD_018,MBJ Women's Solid Short Sleeve Boat Neck V ,womens clothing,"95% RAYON 5% SPANDEX, Made in USA or Imported, Do Not Bleach, Lightweight fabric with great stretch for comfort, Ribbed on sleeves and neckline / Double stitching on bottom hem","I lost a lightweight, short-sleeved top with a boat neck - it's made of rayon and has some ribbing on the sleeves and neckline. It's a pretty simple design, but it's a bit distinctive because of the double stitching on the hem.",9.85,https://fakestoreapi.com/img/71z3kpMAYsL._AC_UY879_t.png,images/PROD_018.jpg,fakestoreapi
PROD_019,Opna Women's Short Sleeve Moisture,womens clothing,"100% Polyester, Machine wash, 100% cationic polyester interlock, Machine Wash & Pre Shrunk for a Great Fit, Lightweight, roomy and highly breathable with moisture wicking fabric which helps to keep moisture away, Soft Lightweight Fabric with comfortable V-neck collar and a slimmer fit, delivers a sleek, more feminine silhouette and Added Comfort","I lost a pair of short sleeve shirts that are made of 100% polyester, they're pretty lightweight and breathable, kind of like a athletic wear style, and I think they might have a moisture-wicking fabric that helps keep you cool and dry. They're a pretty basic design, not super flashy, and I'm not really sure what color they are anymore since they're all faded and stuff.",7.95,https://fakestoreapi.com/img/51eg55uWmdL._AC_UX679_t.png,images/PROD_019.jpg,fakestoreapi
PROD_020,DANVOUY Womens T Shirt Casual Cotton Short,womens clothing,"95%Cotton,5%Spandex, Features: Casual, Short Sleeve, Letter Print,V-Neck,Fashion Tees, The fabric is soft and has some stretch., Occasion: Casual/Office/Beach/School/Home/Street. Season: Spring,Summer,Autumn,Winter.","I lost a casual, short-sleeved V-neck t-shirt that's made of 95% cotton and 5% spandex, it's got a letter print on it and it's really comfortable, it's been pretty worn out from everyday use.",12.99,https://fakestoreapi.com/img/61pHAEJ4NML._AC_UX679_t.png,images/PROD_020.jpg,fakestoreapi
PROD_021,Essence Mascara Lash Princess,beauty,The Essence Mascara Lash Princess is a popular mascara known for its volumizing and lengthening effects. Achieve dramatic lashes with this long-lasting and cruelty-free formula.,"I lost a mascara that's really good at making my lashes look longer and thicker, it's just a regular tube with a wand and everything.",9.99,https://cdn.dummyjson.com/product-images/beauty/essence-mascara-lash-princess/thumbnail.webp,images/PROD_021.jpg,dummyjson
PROD_022,Eyeshadow Palette with Mirror,beauty,"The Eyeshadow Palette with Mirror offers a versatile range of eyeshadow shades for creating stunning eye looks. With a built-in mirror, it's convenient for on-the-go makeup application.","I think I lost a portable eyeshadow palette thingy - it's got a bunch of colored shadows and a little mirror attached to it, and it's really small so it could be pretty easy to miss. It was in my backpack when I was studying in the library, and now it's just gone - I don't remember taking it out or putting it away, so I'm not even sure where I last saw it.",19.99,https://cdn.dummyjson.com/product-images/beauty/eyeshadow-palette-with-mirror/thumbnail.webp,images/PROD_022.jpg,dummyjson
PROD_023,Powder Canister,beauty,"The Powder Canister is a finely milled setting powder designed to set makeup and control shine. With a lightweight and translucent formula, it provides a smooth and matte finish.","I lost a powder canister on campus, it's a small container with a translucent formula that I use to set my makeup and reduce shine - it's pretty lightweight and has a nice matte finish. It's a bit compact, like a miniature compact powder, and I'm not sure if it's still on the floor or if someone picked it up.",14.99,https://cdn.dummyjson.com/product-images/beauty/powder-canister/thumbnail.webp,images/PROD_023.jpg,dummyjson
PROD_024,Red Lipstick,beauty,"The Red Lipstick is a classic and bold choice for adding a pop of color to your lips. With a creamy and pigmented formula, it provides a vibrant and long-lasting finish.","I lost a red lipstick - it's a pretty classic color, not one of those trendy limited editions or anything, just a simple red shade that's really bright and noticeable. I think I had it in a compact case, but it's not really distinctive, it's just a plain red lipstick.",12.99,https://cdn.dummyjson.com/product-images/beauty/red-lipstick/thumbnail.webp,images/PROD_024.jpg,dummyjson
PROD_025,Red Nail Polish,beauty,"The Red Nail Polish offers a rich and glossy red hue for vibrant and polished nails. With a quick-drying formula, it provides a salon-quality finish at home.","I lost a tube of red nail polish that I was using for a class presentation, it's a pretty bright, fire engine red color and it's got a really smooth, glossy finish. I think I had it in my bag when I was walking to my last class, but I must have dropped it somewhere on the way.",8.99,https://cdn.dummyjson.com/product-images/beauty/red-nail-polish/thumbnail.webp,images/PROD_025.jpg,dummyjson
PROD_026,Calvin Klein CK One,fragrances,"CK One by Calvin Klein is a classic unisex fragrance, known for its fresh and clean scent. It's a versatile fragrance suitable for everyday wear.","I lost a bottle of Calvin Klein CK One, it's just a regular-sized perfume bottle with a clear plastic label and a distinctive CK logo on the side. I think it was in my backpack when I took it off, but now it's just gone, and I don't have any idea where it is.",49.99,https://cdn.dummyjson.com/product-images/fragrances/calvin-klein-ck-one/thumbnail.webp,images/PROD_026.jpg,dummyjson
PROD_027,Chanel Coco Noir Eau De,fragrances,"Coco Noir by Chanel is an elegant and mysterious fragrance, featuring notes of grapefruit, rose, and sandalwood. Perfect for evening occasions.","I lost a Chanel perfume - it's a small bottle with a black and white label, I think it's the Coco Noir scent, which smells like grapes, roses, and something else that's kinda earthy.",129.99,https://cdn.dummyjson.com/product-images/fragrances/chanel-coco-noir-eau-de/thumbnail.webp,images/PROD_027.jpg,dummyjson
PROD_028,Dior J'adore,fragrances,"J'adore by Dior is a luxurious and floral fragrance, known for its blend of ylang-ylang, rose, and jasmine. It embodies femininity and sophistication.","I lost a perfume bottle that smells really nice and fancy, it's the Dior brand and I think it's called J'adore, it's got a floral scent that my friends said was really pretty.",89.99,https://cdn.dummyjson.com/product-images/fragrances/dior-j'adore/thumbnail.webp,images/PROD_028.jpg,dummyjson
PROD_029,Dolce Shine Eau de,fragrances,"Dolce Shine by Dolce & Gabbana is a vibrant and fruity fragrance, featuring notes of mango, jasmine, and blonde woods. It's a joyful and youthful scent.","I lost a fragrance bottle that smells like a mix of mango, jasmine, and some woody notes - it's a pretty bright and fruity scent, kind of youthful and energetic. It's a bit on the smaller side, I think, and I had it in a standard rectangular case.",69.99,https://cdn.dummyjson.com/product-images/fragrances/dolce-shine-eau-de/thumbnail.webp,images/PROD_029.jpg,dummyjson
PROD_030,Gucci Bloom Eau de,fragrances,"Gucci Bloom by Gucci is a floral and captivating fragrance, with notes of tuberose, jasmine, and Rangoon creeper. It's a modern and romantic scent.","I lost a Gucci Bloom Eau de fragrance, it's one of those high-end perfumes, really distinctive and pretty. It's got this floral smell, like tuberose and jasmine, and it's from Gucci, I think I got it from a department store on campus.",79.99,https://cdn.dummyjson.com/product-images/fragrances/gucci-bloom-eau-de/thumbnail.webp,images/PROD_030.jpg,dummyjson
PROD_031,Annibale Colombo Bed,furniture,"The Annibale Colombo Bed is a luxurious and elegant bed frame, crafted with high-quality materials for a comfortable and stylish bedroom.","I lost a really fancy bed frame, it's called the Annibale Colombo Bed and it's got a pretty unique design with some intricate details, I think it's made of wood or something.",1899.99,https://cdn.dummyjson.com/product-images/furniture/annibale-colombo-bed/thumbnail.webp,images/PROD_031.jpg,dummyjson
PROD_032,Annibale Colombo Sofa,furniture,"The Annibale Colombo Sofa is a sophisticated and comfortable seating option, featuring exquisite design and premium upholstery for your living room.","I lost a sofa that's really high-end, I think it's called the Annibale Colombo? It's got this really sleek design and it's super comfortable, but I'm not really sure what the brand is or where I got it.",2499.99,https://cdn.dummyjson.com/product-images/furniture/annibale-colombo-sofa/thumbnail.webp,images/PROD_032.jpg,dummyjson
PROD_033,Bedside Table African Cherry,furniture,"The Bedside Table in African Cherry is a stylish and functional addition to your bedroom, providing convenient storage space and a touch of elegance.","I lost a wooden bedside table that's made of a dark reddish-brown material, it's pretty stylish-looking and has a bit of a vintage vibe to it. It's got a low profile and a drawer on the right side, and I think it might be from a home goods store, but I'm not entirely sure.",299.99,https://cdn.dummyjson.com/product-images/furniture/bedside-table-african-cherry/thumbnail.webp,images/PROD_033.jpg,dummyjson
PROD_034,Knoll Saarinen Executive Conference Chair,furniture,"The Knoll Saarinen Executive Conference Chair is a modern and ergonomic chair, perfect for your office or conference room with its timeless design.","I lost a really cool office chair - it's like, a classic design, black and silver, with some kind of molded plastic seat and backrest, and it has a really distinctive curved shape. I think it was designed by some famous architect or something, and it's super heavy because of the metal base.",499.99,https://cdn.dummyjson.com/product-images/furniture/knoll-saarinen-executive-conference-chair/thumbnail.webp,images/PROD_034.jpg,dummyjson
PROD_035,Wooden Bathroom Sink With Mirror,furniture,"The Wooden Bathroom Sink with Mirror is a unique and stylish addition to your bathroom, featuring a wooden sink countertop and a matching mirror.","I think I lost a wooden sink thing for my bathroom, it's got a wooden top and a mirror attached to it, I'm pretty sure it's from IKEA or something, it was just sitting on the counter and then I turned my back for a sec and it was gone.",799.99,https://cdn.dummyjson.com/product-images/furniture/wooden-bathroom-sink-with-mirror/thumbnail.webp,images/PROD_035.jpg,dummyjson
PROD_036,Apple,groceries,"Fresh and crisp apples, perfect for snacking or incorporating into various recipes.","I lost a bunch of apples in the cafeteria, they were just sitting on a table near the coffee machine, and I must have grabbed them and then...I don't know, they're just gone.",1.99,https://cdn.dummyjson.com/product-images/groceries/apple/thumbnail.webp,images/PROD_036.jpg,dummyjson
PROD_037,Beef Steak,groceries,"High-quality beef steak, great for grilling or cooking to your preferred level of doneness.","I lost a high-quality beef steak, it was probably about a pound and a half, got some nice marbling to it, and I remember it was wrapped in plastic wrap and had some condiments on it. I think I had it in my backpack or maybe in the trunk of my car, I'm not really sure where it went.",12.99,https://cdn.dummyjson.com/product-images/groceries/beef-steak/thumbnail.webp,images/PROD_037.jpg,dummyjson
PROD_038,Cat Food,groceries,Nutritious cat food formulated to meet the dietary needs of your feline friend.,"I lost a bag of cat food that I had picked up at the grocery store earlier today, it's the kind that's supposed to be good for your cat's overall health and it's definitely marked with the name of the brand on the packaging.",8.99,https://cdn.dummyjson.com/product-images/groceries/cat-food/thumbnail.webp,images/PROD_038.jpg,dummyjson
PROD_039,Chicken Meat,groceries,"Fresh and tender chicken meat, suitable for various culinary preparations.","I lost a package of fresh chicken meat that I had purchased from the cafeteria, and it's probably still in the area around the student union building or the library. It was in a brown bag with some lettuce and a sandwich wrapper that I had discarded, but I'm not sure if anyone picked it up or if it's just lying around somewhere.",9.99,https://cdn.dummyjson.com/product-images/groceries/chicken-meat/thumbnail.webp,images/PROD_039.jpg,dummyjson
PROD_040,Cooking Oil,groceries,"Versatile cooking oil suitable for frying, sautéing, and various culinary applications.","I lost a bottle of cooking oil that I use for frying and sautéing, it's a pretty common type that's usually clear or slightly tinted and comes in a standard bottle with a cap on it.",4.99,https://cdn.dummyjson.com/product-images/groceries/cooking-oil/thumbnail.webp,images/PROD_040.jpg,dummyjson
PROD_041,Cucumber,groceries,"Crisp and hydrating cucumbers, ideal for salads, snacks, or as a refreshing side.","I lost a bunch of cucumbers that were really fresh and looked good for snacking or adding to salads. They were a light green color and had a bit of a crunch to them, I think they were probably in a bag or container when I misplaced them.",1.49,https://cdn.dummyjson.com/product-images/groceries/cucumber/thumbnail.webp,images/PROD_041.jpg,dummyjson
PROD_042,Dog Food,groceries,Specially formulated dog food designed to provide essential nutrients for your canine companion.,"I lost a bag of food that's specifically formulated for dogs, it's some kind of high-end brand that's supposed to be really good for their health and stuff.",10.99,https://cdn.dummyjson.com/product-images/groceries/dog-food/thumbnail.webp,images/PROD_042.jpg,dummyjson
PROD_043,Eggs,groceries,"Fresh eggs, a versatile ingredient for baking, cooking, or breakfast.","I think I lost some eggs on campus, they're just a dozen or so, and they're pretty standard size, not really anything special.",2.99,https://cdn.dummyjson.com/product-images/groceries/eggs/thumbnail.webp,images/PROD_043.jpg,dummyjson
PROD_044,Fish Steak,groceries,"Quality fish steak, suitable for grilling, baking, or pan-searing.","I lost a fish steak, it's pretty high quality and was just fine for grilling or whatever I planned to do with it.",14.99,https://cdn.dummyjson.com/product-images/groceries/fish-steak/thumbnail.webp,images/PROD_044.jpg,dummyjson
PROD_045,Green Bell Pepper,groceries,"Fresh and vibrant green bell pepper, perfect for adding color and flavor to your dishes.","I lost a green bell pepper that I had bought for a class recipe project, it's kind of a bright green color and it's still pretty firm and fresh.",1.29,https://cdn.dummyjson.com/product-images/groceries/green-bell-pepper/thumbnail.webp,images/PROD_045.jpg,dummyjson
PROD_046,Green Chili Pepper,groceries,"Spicy green chili pepper, ideal for adding heat to your favorite recipes.","I was carrying a green chili pepper in my backpack during my morning lecture, and now it's just missing - I think I must have dropped it when I was rushing to get to my seat. It's a pretty spicy one, about the size of a finger, and it's definitely green, but I'm not sure what happened to it after that.",0.99,https://cdn.dummyjson.com/product-images/groceries/green-chili-pepper/thumbnail.webp,images/PROD_046.jpg,dummyjson
PROD_047,Honey Jar,groceries,"Pure and natural honey in a convenient jar, perfect for sweetening beverages or drizzling over food.","I lost a jar of pure, natural honey that's pretty standard, you know, just a plain honey jar, nothing special about it, but it's got a decent lid and it's not a cheap one, it's just a normal honey jar that I had brought with me to campus for a project.",6.99,https://cdn.dummyjson.com/product-images/groceries/honey-jar/thumbnail.webp,images/PROD_047.jpg,dummyjson
PROD_048,Ice Cream,groceries,"Creamy and delicious ice cream, available in various flavors for a delightful treat.","I lost a container of creamy and delicious ice cream, it was in a few different flavors and it's a pretty common brand that everyone on campus knows. It was just sitting on the backseat of my car for a minute and now it's gone, so if anyone saw it lying around the quad or in the student union, that would be really great.",5.49,https://cdn.dummyjson.com/product-images/groceries/ice-cream/thumbnail.webp,images/PROD_048.jpg,dummyjson
PROD_049,Juice,groceries,"Refreshing fruit juice, packed with vitamins and great for staying hydrated.","I lost a bottle of juice that I was drinking in the library, it's just a regular 16 oz bottle with a bright orange color and a label that says ""100% fruit juice"" on it.",3.99,https://cdn.dummyjson.com/product-images/groceries/juice/thumbnail.webp,images/PROD_049.jpg,dummyjson
PROD_050,Kiwi,groceries,"Nutrient-rich kiwi, perfect for snacking or adding a tropical twist to your dishes.","I was eating a kiwi in the cafeteria and now it's missing, I think I dropped it on the floor and it might have gotten squished.",2.49,https://cdn.dummyjson.com/product-images/groceries/kiwi/thumbnail.webp,images/PROD_050.jpg,dummyjson
PROD_051,Lemon,groceries,"Zesty and tangy lemons, versatile for cooking, baking, or making refreshing beverages.","I was walking across campus yesterday and I think I must have dropped a lemon in the quad, it's a pretty standard size and it was definitely zesty, I'm not really sure what happened to it now.",0.79,https://cdn.dummyjson.com/product-images/groceries/lemon/thumbnail.webp,images/PROD_051.jpg,dummyjson
PROD_052,Milk,groceries,"Fresh and nutritious milk, a staple for various recipes and daily consumption.","I was on campus and I think I must have left my milk in the cafeteria or maybe it fell out of my backpack, it's just a regular milk carton that I had in my bag for a recipe, nothing special about it.",3.49,https://cdn.dummyjson.com/product-images/groceries/milk/thumbnail.webp,images/PROD_052.jpg,dummyjson
PROD_053,Mulberry,groceries,"Sweet and juicy mulberries, perfect for snacking or adding to desserts and cereals.","I lost a bag of mulberries that I was eating throughout the day, they were pretty sweet and juicy and I think I had some in my backpack and then I must have left them there when I was studying in the library.",4.99,https://cdn.dummyjson.com/product-images/groceries/mulberry/thumbnail.webp,images/PROD_053.jpg,dummyjson
PROD_054,Nescafe Coffee,groceries,"Quality coffee from Nescafe, available in various blends for a rich and satisfying cup.","I lost a packet of Nescafe coffee, it's one of those single-serve things that comes in a few different flavors, I think it was the original or the dark roast.",7.99,https://cdn.dummyjson.com/product-images/groceries/nescafe-coffee/thumbnail.webp,images/PROD_054.jpg,dummyjson
PROD_055,Potatoes,groceries,"Versatile and starchy potatoes, great for roasting, mashing, or as a side dish.","I lost a bag of potatoes somewhere on campus, they're just regular old potatoes that I was planning on using for a meal, not sure what they looked like exactly. They were brown on the outside and white on the inside, maybe about the size of a baseball, and I was carrying them in a paper bag.",2.29,https://cdn.dummyjson.com/product-images/groceries/potatoes/thumbnail.webp,images/PROD_055.jpg,dummyjson
PROD_056,Protein Powder,groceries,"Nutrient-packed protein powder, ideal for supplementing your diet with essential proteins.","I lost a container of protein powder that I was using to help me stay healthy, it's just a plain white container with a label on it that says the brand name.",19.99,https://cdn.dummyjson.com/product-images/groceries/protein-powder/thumbnail.webp,images/PROD_056.jpg,dummyjson
PROD_057,Red Onions,groceries,"Flavorful and aromatic red onions, perfect for adding depth to your savory dishes.","I lost a bunch of red onions, they were pretty flavorful and had a nice aroma to them, I think I was just grabbing one to toss in a salad or something and I must have dropped them on my way to class.",1.99,https://cdn.dummyjson.com/product-images/groceries/red-onions/thumbnail.webp,images/PROD_057.jpg,dummyjson
PROD_058,Rice,groceries,"High-quality rice, a staple for various cuisines and a versatile base for many dishes.","I lost a bag of high-quality rice, it's just a regular bag, not a special brand or anything, it's just rice.",5.99,https://cdn.dummyjson.com/product-images/groceries/rice/thumbnail.webp,images/PROD_058.jpg,dummyjson
PROD_059,Soft Drinks,groceries,"Assorted soft drinks in various flavors, perfect for refreshing beverages.","I lost a bunch of assorted soft drinks - like, you know, a few different flavors like cola, lemon-lime, and root beer - they're all in plastic bottles, and they're probably still good. I was carrying them in my backpack when I was walking to class and I think I might have left them there, but I didn't really notice until now.",1.99,https://cdn.dummyjson.com/product-images/groceries/soft-drinks/thumbnail.webp,images/PROD_059.jpg,dummyjson
PROD_060,Strawberry,groceries,"Sweet and succulent strawberries, great for snacking, desserts, or blending into smoothies.","I lost a package of strawberries that I had in my backpack this morning, they were individually wrapped and had a pretty good shelf life but now they're just all mushy and brown.",3.99,https://cdn.dummyjson.com/product-images/groceries/strawberry/thumbnail.webp,images/PROD_060.jpg,dummyjson
PROD_061,Tissue Paper Box,groceries,"Convenient tissue paper box for everyday use, providing soft and absorbent tissues.","I lost a small, rectangular box with a soft, white tissue paper inside, it was one of those individual packs you can find in most grocery stores.",2.49,https://cdn.dummyjson.com/product-images/groceries/tissue-paper-box/thumbnail.webp,images/PROD_061.jpg,dummyjson
PROD_062,Water,groceries,"Pure and refreshing bottled water, essential for staying hydrated throughout the day.","I was looking at this bottle of bottled water, and when I turned my back, it was gone. It's just a standard-sized bottle of water with a plain label, and I think I had it in my backpack or lunchbox before it disappeared.",0.99,https://cdn.dummyjson.com/product-images/groceries/water/thumbnail.webp,images/PROD_062.jpg,dummyjson
PROD_063,Decoration Swing,home-decoration,"The Decoration Swing is a charming addition to your home decor. Crafted with intricate details, it adds a touch of elegance and whimsy to any room.","I lost a really cool decoration swing thing that's kind of like a metal swing with some carvings on it and it's got this really nice wooden frame, it's just not on campus anymore.",59.99,https://cdn.dummyjson.com/product-images/home-decoration/decoration-swing/thumbnail.webp,images/PROD_063.jpg,dummyjson
PROD_064,Family Tree Photo Frame,home-decoration,"The Family Tree Photo Frame is a sentimental and stylish way to display your cherished family memories. With multiple photo slots, it tells the story of your loved ones.","I lost a family photo frame that has a few photos of my relatives and is kind of a decorative thing, it's not super big or anything. It's got a bunch of little slots to put pictures in, and it's got a pretty nice design to it.",29.99,https://cdn.dummyjson.com/product-images/home-decoration/family-tree-photo-frame/thumbnail.webp,images/PROD_064.jpg,dummyjson
PROD_065,House Showpiece Plant,home-decoration,The House Showpiece Plant is an artificial plant that brings a touch of nature to your home without the need for maintenance. It adds greenery and style to any space.,"I lost a decorative plant that looks like a realistic, large greenery piece - it's about 3-4 feet tall and has a pretty natural, leafy look to it, but I think it might be made of plastic or something similar.",39.99,https://cdn.dummyjson.com/product-images/home-decoration/house-showpiece-plant/thumbnail.webp,images/PROD_065.jpg,dummyjson
PROD_066,Plant Pot,home-decoration,"The Plant Pot is a stylish container for your favorite plants. With a sleek design, it complements your indoor or outdoor garden, adding a modern touch to your plant display.","I lost a plant pot that's pretty modern-looking, it's got a pretty simple design but it's supposed to fit a small to medium-sized plant, and it's a pretty standard height - not too big or too small, just a normal size. It's not a super expensive item, just a regular pot that my friend lent me and I think I might have left it in my dorm room or outside in the courtyard.",14.99,https://cdn.dummyjson.com/product-images/home-decoration/plant-pot/thumbnail.webp,images/PROD_066.jpg,dummyjson
PROD_067,Table Lamp,home-decoration,"The Table Lamp is a functional and decorative lighting solution for your living space. With a modern design, it provides both ambient and task lighting, enhancing the atmosphere.","I lost a table lamp that's pretty standard, I guess - it's got a sleek, modern design and it's supposed to be some kind of all-purpose light source, either ambient or task lighting or whatever, and it's got a pretty distinctive shape to it. It's not super big or small, just kind of...medium, I'd say.",49.99,https://cdn.dummyjson.com/product-images/home-decoration/table-lamp/thumbnail.webp,images/PROD_067.jpg,dummyjson
PROD_068,Bamboo Spatula,kitchen-accessories,"The Bamboo Spatula is a versatile kitchen tool made from eco-friendly bamboo. Ideal for flipping, stirring, and serving various dishes.","I lost a bamboo kitchen tool, it's made from bamboo and has a flat edge, not sure if it's rounded or straight, and it's pretty small. I think it might have been near the cafeteria or my dorm room, but I'm not really sure.",7.99,https://cdn.dummyjson.com/product-images/kitchen-accessories/bamboo-spatula/thumbnail.webp,images/PROD_068.jpg,dummyjson
PROD_069,Black Aluminium Cup,kitchen-accessories,The Black Aluminium Cup is a stylish and durable cup suitable for both hot and cold beverages. Its sleek black design adds a modern touch to your drinkware collection.,"I lost a black aluminium cup, it's pretty standard stuff - just a simple cup, not really any special features, but it's made of a decent material that's supposed to be heat-resistant.",5.99,https://cdn.dummyjson.com/product-images/kitchen-accessories/black-aluminium-cup/thumbnail.webp,images/PROD_069.jpg,dummyjson
PROD_070,Black Whisk,kitchen-accessories,The Black Whisk is a kitchen essential for whisking and beating ingredients. Its ergonomic handle and sleek design make it a practical and stylish tool.,"I lost a black whisk with an ergonomic handle, it's a pretty standard kitchen tool that's just been misplaced on campus somewhere.",9.99,https://cdn.dummyjson.com/product-images/kitchen-accessories/black-whisk/thumbnail.webp,images/PROD_070.jpg,dummyjson
PROD_071,Boxed Blender,kitchen-accessories,"The Boxed Blender is a powerful and compact blender perfect for smoothies, shakes, and more. Its convenient design and multiple functions make it a versatile kitchen appliance.","I lost a box with a blender inside, it's pretty big and has a bunch of buttons on the front. I'm not really sure what color it is, it's just a box with a blender inside, and I think I might have seen it in the student union or maybe in my dorm room.",39.99,https://cdn.dummyjson.com/product-images/kitchen-accessories/boxed-blender/thumbnail.webp,images/PROD_071.jpg,dummyjson
PROD_072,Carbon Steel Wok,kitchen-accessories,"The Carbon Steel Wok is a versatile cooking pan suitable for stir-frying, sautéing, and deep frying. Its sturdy construction ensures even heat distribution for delicious meals.","I lost a really big, heavy wok that's made of some kind of metal - it's got a non-stick coating, I think - it's just a pretty standard size, not too fancy, but really useful for cooking.",29.99,https://cdn.dummyjson.com/product-images/kitchen-accessories/carbon-steel-wok/thumbnail.webp,images/PROD_072.jpg,dummyjson
PROD_073,Chopping Board,kitchen-accessories,"The Chopping Board is an essential kitchen accessory for food preparation. Made from durable material, it provides a safe and hygienic surface for cutting and chopping.","I lost a plastic chopping board, it's pretty standard size, not too big or too small, and it's got a bit of a rough edge around the edges.",12.99,https://cdn.dummyjson.com/product-images/kitchen-accessories/chopping-board/thumbnail.webp,images/PROD_073.jpg,dummyjson
PROD_074,Citrus Squeezer Yellow,kitchen-accessories,The Citrus Squeezer in Yellow is a handy tool for extracting juice from citrus fruits. Its vibrant color adds a cheerful touch to your kitchen gadgets.,"I lost a yellow kitchen gadget that looks like a squeezer, it's pretty bright and cheerful. I think it's used for squeezing juice out of citrus fruits, but I'm not entirely sure – it's not a really distinctive shape or anything.",8.99,https://cdn.dummyjson.com/product-images/kitchen-accessories/citrus-squeezer-yellow/thumbnail.webp,images/PROD_074.jpg,dummyjson
PROD_075,Egg Slicer,kitchen-accessories,"The Egg Slicer is a convenient tool for slicing boiled eggs evenly. It's perfect for salads, sandwiches, and other dishes where sliced eggs are desired.","I lost a kitchen gadget that looks like a long, flat, rectangular thing with a small blade on the end, it's used to slice boiled eggs into even pieces, and it's pretty handy to have around.",6.99,https://cdn.dummyjson.com/product-images/kitchen-accessories/egg-slicer/thumbnail.webp,images/PROD_075.jpg,dummyjson
PROD_076,Electric Stove,kitchen-accessories,The Electric Stove provides a portable and efficient cooking solution. Ideal for small kitchens or as an additional cooking surface for various culinary needs.,"I lost a pretty big, heavy appliance that's basically an electric stove, it's got a bunch of burners and a cooktop surface, it's kind of big and bulky.",49.99,https://cdn.dummyjson.com/product-images/kitchen-accessories/electric-stove/thumbnail.webp,images/PROD_076.jpg,dummyjson
PROD_077,Fine Mesh Strainer,kitchen-accessories,The Fine Mesh Strainer is a versatile tool for straining liquids and sifting dry ingredients. Its fine mesh ensures efficient filtering for smooth cooking and baking.,"I lost a kitchen strainer thingy - it's got a super fine mesh and it's pretty small, so it might be hard to spot, but it's usually black with some sort of design on it. I think I had it in the cafeteria or in my dorm room, but I could be wrong.",9.99,https://cdn.dummyjson.com/product-images/kitchen-accessories/fine-mesh-strainer/thumbnail.webp,images/PROD_077.jpg,dummyjson
PROD_078,Fork,kitchen-accessories,The Fork is a classic utensil for various dining and serving purposes. Its durable and ergonomic design makes it a reliable choice for everyday use.,"I lost a fork, it's just a standard, everyday fork with a bit of a bend in the middle, and it's got some scratches on the handle. It's not a fancy one or anything, just a basic fork that I was using in the cafeteria.",3.99,https://cdn.dummyjson.com/product-images/kitchen-accessories/fork/thumbnail.webp,images/PROD_078.jpg,dummyjson
PROD_079,Glass,kitchen-accessories,The Glass is a versatile and elegant drinking vessel suitable for a variety of beverages. Its clear design allows you to enjoy the colors and textures of your drinks.,"I lost a clear glass that's pretty standard, just a normal drinking vessel - it's not super fancy, but it's one of my favorites. It's just a clear glass, nothing special, but I was really attached to it and I think it might be around somewhere on campus.",4.99,https://cdn.dummyjson.com/product-images/kitchen-accessories/glass/thumbnail.webp,images/PROD_079.jpg,dummyjson
PROD_080,Grater Black,kitchen-accessories,"The Grater in Black is a handy kitchen tool for grating cheese, vegetables, and more. Its sleek design and sharp blades make food preparation efficient and easy.","I lost a black kitchen tool thingy, it's for grating stuff and it has some sharp edges, I think it was a pretty modern design. I don't remember exactly where I had it last, but it was probably in my dorm room or maybe I took it out to study in the library.",10.99,https://cdn.dummyjson.com/product-images/kitchen-accessories/grater-black/thumbnail.webp,images/PROD_080.jpg,dummyjson
PROD_081,Hand Blender,kitchen-accessories,"The Hand Blender is a versatile kitchen appliance for blending, pureeing, and mixing. Its compact design and powerful motor make it a convenient tool for various recipes.","I think I lost a hand blender that was kind of a medium size, with a small container on the end that holds the blades, and it had a cord that plugged into a wall outlet, but I'm not really sure what color it was. It was pretty compact, so it might have been stuck in a drawer or something, and I've been searching around my dorm room and the cafeteria.",34.99,https://cdn.dummyjson.com/product-images/kitchen-accessories/hand-blender/thumbnail.webp,images/PROD_081.jpg,dummyjson
PROD_082,Ice Cube Tray,kitchen-accessories,The Ice Cube Tray is a practical accessory for making ice cubes in various shapes. Perfect for keeping your drinks cool and adding a fun element to your beverages.,"I lost a kitchen tray thingy with little cube-shaped holes in it - I think it's made of plastic or something - it's pretty small, about the size of a phone, and it has those little cube holes that make ice cubes in different shapes. I was using it in the dorm's kitchen and I think I left it on the counter, but it's nowhere to be found now.",5.99,https://cdn.dummyjson.com/product-images/kitchen-accessories/ice-cube-tray/thumbnail.webp,images/PROD_082.jpg,dummyjson
PROD_083,Kitchen Sieve,kitchen-accessories,The Kitchen Sieve is a versatile tool for sifting and straining dry and wet ingredients. Its fine mesh design ensures smooth results in your cooking and baking.,"I lost a kitchen sieve thingy that I think is just a mesh screen with some kind of handle on it - it was kinda big and had a bunch of holes in it, I remember using it to sift flour for a baking project, but it's probably just somewhere on campus now.",7.99,https://cdn.dummyjson.com/product-images/kitchen-accessories/kitchen-sieve/thumbnail.webp,images/PROD_083.jpg,dummyjson
PROD_084,Knife,kitchen-accessories,"The Knife is an essential kitchen tool for chopping, slicing, and dicing. Its sharp blade and ergonomic handle make it a reliable choice for food preparation.","I lost a knife that I use for everyday food prep, it's pretty standard stuff - a sharp blade and an ergonomic handle, nothing too fancy.",14.99,https://cdn.dummyjson.com/product-images/kitchen-accessories/knife/thumbnail.webp,images/PROD_084.jpg,dummyjson
PROD_085,Lunch Box,kitchen-accessories,"The Lunch Box is a convenient and portable container for packing and carrying your meals. With compartments for different foods, it's perfect for on-the-go dining.","I lost a lunch box that's a bit on the smaller side, with a few compartments and a handle on the side, probably made of some kind of lightweight material. It's not super distinctive, but I think it's a decent size, about 5x7 inches or so, and has some kind of branding or logo on it that I think is a university logo, but I'm not entirely sure.",12.99,https://cdn.dummyjson.com/product-images/kitchen-accessories/lunch-box/thumbnail.webp,images/PROD_085.jpg,dummyjson
PROD_086,Microwave Oven,kitchen-accessories,"The Microwave Oven is a versatile kitchen appliance for quick and efficient cooking, reheating, and defrosting. Its compact size makes it suitable for various kitchen setups.","I lost a microwave oven, it's one of those compact ones that's pretty standard in size, and it's just a normal kitchen appliance that's usually used for reheating food and stuff. It was just sitting on my desk in my dorm room, I think I might have taken it out for a minute and it's not there now.",89.99,https://cdn.dummyjson.com/product-images/kitchen-accessories/microwave-oven/thumbnail.webp,images/PROD_086.jpg,dummyjson
PROD_087,Mug Tree Stand,kitchen-accessories,The Mug Tree Stand is a stylish and space-saving solution for organizing your mugs. Keep your favorite mugs easily accessible and neatly displayed in your kitchen.,"I lost a tree-shaped stand for holding mugs in my kitchen, it's got a pretty modern design and it was white with some kind of pattern on the trunk.",15.99,https://cdn.dummyjson.com/product-images/kitchen-accessories/mug-tree-stand/thumbnail.webp,images/PROD_087.jpg,dummyjson
PROD_088,Pan,kitchen-accessories,"The Pan is a versatile and essential cookware item for frying, sautéing, and cooking various dishes. Its non-stick coating ensures easy food release and cleanup.","I lost a non-stick pan, it's a pretty standard size and shape, maybe around 9-10 inches in diameter. It's not a fancy-schmancy pan, just a basic one with a non-stick coating that's been working fine for me, I don't remember where I had it last.",24.99,https://cdn.dummyjson.com/product-images/kitchen-accessories/pan/thumbnail.webp,images/PROD_088.jpg,dummyjson
PROD_089,Plate,kitchen-accessories,The Plate is a classic and essential dishware item for serving meals. Its durable and stylish design makes it suitable for everyday use or special occasions.,"I think I lost a white plate with a simple design on it, maybe a small logo or pattern, and it's pretty standard-sized for a dinner plate. It's not super fancy, but it's one of those things that's always been there, you know?",3.99,https://cdn.dummyjson.com/product-images/kitchen-accessories/plate/thumbnail.webp,images/PROD_089.jpg,dummyjson
PROD_090,Red Tongs,kitchen-accessories,The Red Tongs are versatile kitchen tongs suitable for various cooking and serving tasks. Their vibrant color adds a pop of excitement to your kitchen utensils.,"I lost a pair of red kitchen tongs with a sort of bright, fire engine color that's pretty noticeable. They're not super fancy, just regular tongs that I was using to grab food from a pot or something.",6.99,https://cdn.dummyjson.com/product-images/kitchen-accessories/red-tongs/thumbnail.webp,images/PROD_090.jpg,dummyjson
PROD_091,Silver Pot With Glass Cap,kitchen-accessories,"The Silver Pot with Glass Cap is a stylish and functional cookware item for boiling, simmering, and preparing delicious meals. Its glass cap allows you to monitor cooking progress.","I lost a silver pot with a glass lid - it's pretty standard-looking, just a silver color with a clear glass top that helps me check on whatever's inside while it's cooking.",39.99,https://cdn.dummyjson.com/product-images/kitchen-accessories/silver-pot-with-glass-cap/thumbnail.webp,images/PROD_091.jpg,dummyjson
PROD_092,Slotted Turner,kitchen-accessories,"The Slotted Turner is a kitchen utensil designed for flipping and turning food items. Its slotted design allows excess liquid to drain, making it ideal for frying and sautéing.","I lost a kitchen utensil that's kind of a long, thin tongs thing with holes in it to let out excess moisture, I think it's for flipping food in pans or something. It's pretty lightweight and has a handle on one end, but I'm not really sure what it's made of or where I was when I last had it.",8.99,https://cdn.dummyjson.com/product-images/kitchen-accessories/slotted-turner/thumbnail.webp,images/PROD_092.jpg,dummyjson
PROD_093,Spice Rack,kitchen-accessories,The Spice Rack is a convenient organizer for your spices and seasonings. Keep your kitchen essentials within reach and neatly arranged with this stylish spice rack.,"I lost a spice rack that I had gotten for my dorm room, it's just a simple organizer with a bunch of little containers for spices and seasonings, it's not really worth much but it was a gift from my family.",19.99,https://cdn.dummyjson.com/product-images/kitchen-accessories/spice-rack/thumbnail.webp,images/PROD_093.jpg,dummyjson
PROD_094,Spoon,kitchen-accessories,"The Spoon is a versatile kitchen utensil for stirring, serving, and tasting. Its ergonomic design and durable construction make it an essential tool for every kitchen.","I lost a spoon on campus, it's a normal-looking one that I was using for lunch in the cafeteria - it's silver with a slight bend to the handle and has some scratches on the bowl part.",4.99,https://cdn.dummyjson.com/product-images/kitchen-accessories/spoon/thumbnail.webp,images/PROD_094.jpg,dummyjson
PROD_095,Tray,kitchen-accessories,"The Tray is a functional and decorative item for serving snacks, appetizers, or drinks. Its stylish design makes it a versatile accessory for entertaining guests.","I lost a tray that's, like, a pretty standard size, maybe around 12 inches square, with a wooden or maybe metal base and a pretty modern design, it's got some kind of pattern or texture on it, but I'm not really sure what it is. It's got a lip around the edge to keep things from spilling over, and it's just a really useful thing for having snacks or appetizers when I'm studying or hanging out with friends.",16.99,https://cdn.dummyjson.com/product-images/kitchen-accessories/tray/thumbnail.webp,images/PROD_095.jpg,dummyjson
PROD_096,Wooden Rolling Pin,kitchen-accessories,The Wooden Rolling Pin is a classic kitchen tool for rolling out dough for baking. Its smooth surface and sturdy handles make it easy to achieve uniform thickness.,"I lost a wooden rolling pin that's pretty standard, it's got a smooth surface and some kind of handle on it, and it's made of wood, I think it's a pretty common tool for baking stuff. It's not too big or too small, it's just your average rolling pin, I'm not sure what it looks like except it's wooden and has some grips on it.",11.99,https://cdn.dummyjson.com/product-images/kitchen-accessories/wooden-rolling-pin/thumbnail.webp,images/PROD_096.jpg,dummyjson
PROD_097,Yellow Peeler,kitchen-accessories,The Yellow Peeler is a handy tool for peeling fruits and vegetables with ease. Its bright yellow color adds a cheerful touch to your kitchen gadgets.,"I lost a yellow kitchen gadget that's kinda like a peeler, but it's got a really bright yellow color and it's pretty compact. It was pretty easy to carry around and I had it with me when I was studying in the library, but now it's nowhere to be found.",5.99,https://cdn.dummyjson.com/product-images/kitchen-accessories/yellow-peeler/thumbnail.webp,images/PROD_097.jpg,dummyjson
PROD_098,Apple MacBook Pro 14 Inch Space Grey,laptops,"The MacBook Pro 14 Inch in Space Grey is a powerful and sleek laptop, featuring Apple's M1 Pro chip for exceptional performance and a stunning Retina display.","I lost my MacBook Pro 14 inch, it's a pretty standard laptop that I've had for a while, and it's grey with a big screen and all the usual Apple features. It was in a bag when I was walking across campus, but when I went to grab it later, it was gone.",1999.99,https://cdn.dummyjson.com/product-images/laptops/apple-macbook-pro-14-inch-space-grey/thumbnail.webp,images/PROD_098.jpg,dummyjson
PROD_099,Asus Zenbook Pro Dual Screen Laptop,laptops,"The Asus Zenbook Pro Dual Screen Laptop is a high-performance device with dual screens, providing productivity and versatility for creative professionals.","I lost a laptop with a distinctive dual-screen design, it's a bit heavy and has a silver and black casing. It's a pretty high-end device with a lot of ports and a really long battery life, but it's a pretty unique-looking thing.",1799.99,https://cdn.dummyjson.com/product-images/laptops/asus-zenbook-pro-dual-screen-laptop/thumbnail.webp,images/PROD_099.jpg,dummyjson
PROD_100,Huawei Matebook X Pro,laptops,"The Huawei Matebook X Pro is a slim and stylish laptop with a high-resolution touchscreen display, offering a premium experience for users on the go.","I lost a laptop, it's really thin and has a touchscreen, I think it's a high-end model, but I'm not really sure.",1399.99,https://cdn.dummyjson.com/product-images/laptops/huawei-matebook-x-pro/thumbnail.webp,images/PROD_100.jpg,dummyjson
PROD_101,Lenovo Yoga 920,laptops,"The Lenovo Yoga 920 is a 2-in-1 convertible laptop with a flexible hinge, allowing you to use it as a laptop or tablet, offering versatility and portability.","I lost a laptop that's kind of a 2-in-1 thing, it's a Lenovo Yoga 920, I think, with a hinge that you can bend and it can work in different modes. It's silver and has some scratches on the screen, I'm pretty sure I had it right here on campus, but I must have misplaced it somewhere.",1099.99,https://cdn.dummyjson.com/product-images/laptops/lenovo-yoga-920/thumbnail.webp,images/PROD_101.jpg,dummyjson
PROD_102,New DELL XPS 13 9300 Laptop,laptops,"The New DELL XPS 13 9300 Laptop is a compact and powerful device, featuring a virtually borderless InfinityEdge display and high-end performance for various tasks.","I lost a laptop that's a pretty compact ultrabook, it's got that InfinityEdge display where the screen meets the body, and it's got a lot of processing power for general use and stuff like that. It's a DELL XPS model, I think, but I'm not really sure what the exact model number is - it's got some kind of 9300 series designation or something.",1499.99,https://cdn.dummyjson.com/product-images/laptops/new-dell-xps-13-9300-laptop/thumbnail.webp,images/PROD_102.jpg,dummyjson
PROD_103,Blue & Black Check Shirt,mens-shirts,"The Blue & Black Check Shirt is a stylish and comfortable men's shirt featuring a classic check pattern. Made from high-quality fabric, it's suitable for both casual and semi-formal occasions.","I lost a blue and black check shirt, it's a pretty standard-looking guy's shirt with a classic check pattern, it's pretty casual and comfy.",29.99,https://cdn.dummyjson.com/product-images/mens-shirts/blue-&-black-check-shirt/thumbnail.webp,images/PROD_103.jpg,dummyjson
PROD_104,Gigabyte Aorus Men Tshirt,mens-shirts,"The Gigabyte Aorus Men Tshirt is a cool and casual shirt for gaming enthusiasts. With the Aorus logo and sleek design, it's perfect for expressing your gaming style.","I lost a black or dark gray t-shirt with the Gigabyte Aorus logo on it, it's pretty plain but the logo is on the chest and it's a pretty standard fit. I think I took it off when I was studying in the library and now it's gone.",24.99,https://cdn.dummyjson.com/product-images/mens-shirts/gigabyte-aorus-men-tshirt/thumbnail.webp,images/PROD_104.jpg,dummyjson
PROD_105,Man Plaid Shirt,mens-shirts,The Man Plaid Shirt is a timeless and versatile men's shirt with a classic plaid pattern. Its comfortable fit and casual style make it a wardrobe essential for various occasions.,"I lost a man's shirt with a classic plaid pattern, it's pretty classic-looking with a bit of a casual vibe, just a normal, everyday shirt that I was wearing when I couldn't find it. It's a pretty standard size, I think, but I'm not really sure - it was just my shirt, you know?",34.99,https://cdn.dummyjson.com/product-images/mens-shirts/man-plaid-shirt/thumbnail.webp,images/PROD_105.jpg,dummyjson
PROD_106,Man Short Sleeve Shirt,mens-shirts,"The Man Short Sleeve Shirt is a breezy and stylish option for warm days. With a comfortable fit and short sleeves, it's perfect for a laid-back yet polished look.","I lost a short sleeve shirt, it's a pretty casual, breezy style that I was wearing when I last had it. It's got short sleeves, a relaxed fit, and I'm pretty sure it was a bit lighter-colored than my usual shirts.",19.99,https://cdn.dummyjson.com/product-images/mens-shirts/man-short-sleeve-shirt/thumbnail.webp,images/PROD_106.jpg,dummyjson
PROD_107,Men Check Shirt,mens-shirts,"The Men Check Shirt is a classic and versatile shirt featuring a stylish check pattern. Suitable for various occasions, it adds a smart and polished touch to your wardrobe.","I lost a check-patterned men's shirt, it's pretty plain but has a classic look that I've worn to a lot of gatherings and classes.",27.99,https://cdn.dummyjson.com/product-images/mens-shirts/men-check-shirt/thumbnail.webp,images/PROD_107.jpg,dummyjson
PROD_108,Nike Air Jordan 1 Red And Black,mens-shoes,"The Nike Air Jordan 1 in Red and Black is an iconic basketball sneaker known for its stylish design and high-performance features, making it a favorite among sneaker enthusiasts and athletes.","I lost a pair of black and red sneakers, I think they're a specific style that's pretty well-known, probably a high-end brand, and they have a distinctive design element that's meant to look like a basketball.",149.99,https://cdn.dummyjson.com/product-images/mens-shoes/nike-air-jordan-1-red-and-black/thumbnail.webp,images/PROD_108.jpg,dummyjson
PROD_109,Nike Baseball Cleats,mens-shoes,Nike Baseball Cleats are designed for maximum traction and performance on the baseball field. They provide stability and support for players during games and practices.,"I lost a pair of black and white Nike cleats with a few scuffs on the soles, they're pretty worn out and have a bit of a broken tongue on the right one, I think I was playing baseball at the stadium last night and I must have taken them off when I was running between bases and now they're gone.",79.99,https://cdn.dummyjson.com/product-images/mens-shoes/nike-baseball-cleats/thumbnail.webp,images/PROD_109.jpg,dummyjson
PROD_110,Puma Future Rider Trainers,mens-shoes,"The Puma Future Rider Trainers offer a blend of retro style and modern comfort. Perfect for casual wear, these trainers provide a fashionable and comfortable option for everyday use.","I lost a pair of shoes that are a pretty classic style, kind of like old-school running shoes but still look cool and modern. They're white with a bit of a retro vibe, and I think they might have some kind of bold stripe or logo on the side.",89.99,https://cdn.dummyjson.com/product-images/mens-shoes/puma-future-rider-trainers/thumbnail.webp,images/PROD_110.jpg,dummyjson
PROD_111,Sports Sneakers Off White & Red,mens-shoes,"The Sports Sneakers in Off White and Red combine style and functionality, making them a fashionable choice for sports enthusiasts. The red and off-white color combination adds a bold and energetic touch.","I lost my black sports sneakers that have off white and red laces and a red sole, they're pretty standard athletic shoes but I really need them for school.",119.99,https://cdn.dummyjson.com/product-images/mens-shoes/sports-sneakers-off-white-&-red/thumbnail.webp,images/PROD_111.jpg,dummyjson
PROD_112,Sports Sneakers Off White Red,mens-shoes,"Another variant of the Sports Sneakers in Off White Red, featuring a unique design. These sneakers offer style and comfort for casual occasions.","I think I lost a pair of white and red sneakers that have a pretty distinctive design on them. They're like a variation of the Sports Sneakers, I'm not sure if I got them at the same place as my other pair, but they're the same style and color combo.",109.99,https://cdn.dummyjson.com/product-images/mens-shoes/sports-sneakers-off-white-red/thumbnail.webp,images/PROD_112.jpg,dummyjson
PROD_113,Brown Leather Belt Watch,mens-watches,"The Brown Leather Belt Watch is a stylish timepiece with a classic design. Featuring a genuine leather strap and a sleek dial, it adds a touch of sophistication to your look.","I lost a brown leather watch with a classic design, it's got a genuine leather strap that's a bit worn down in some spots. It's pretty simple looking, just a basic dial with no fancy numbers or decorations, just a straightforward time and date.",89.99,https://cdn.dummyjson.com/product-images/mens-watches/brown-leather-belt-watch/thumbnail.webp,images/PROD_113.jpg,dummyjson
PROD_114,Longines Master Collection,mens-watches,"The Longines Master Collection is an elegant and refined watch known for its precision and craftsmanship. With a timeless design, it's a symbol of luxury and sophistication.","I lost a watch that's a long, thin timepiece with a leather strap - it's got a pretty classic look, you know, kind of elegant and refined, with a lot of details that suggest it's a high-end piece. It's not super distinctive, but it's definitely a luxury watch brand that I'm pretty sure is called Longines, and it's got a pretty distinctive logo on the face.",1499.99,https://cdn.dummyjson.com/product-images/mens-watches/longines-master-collection/thumbnail.webp,images/PROD_114.jpg,dummyjson
PROD_115,Rolex Cellini Date Black Dial,mens-watches,"The Rolex Cellini Date with Black Dial is a classic and prestigious watch. With a black dial and date complication, it exudes sophistication and is a symbol of Rolex's heritage.","I lost a watch that's a classic style, it's a black face with date numbers and a pretty minimalist design overall. It's a well-known brand, and I'm pretty sure it's a specific model, but I didn't really pay attention to the details when I last had it.",8999.99,https://cdn.dummyjson.com/product-images/mens-watches/rolex-cellini-date-black-dial/thumbnail.webp,images/PROD_115.jpg,dummyjson
PROD_116,Rolex Cellini Moonphase,mens-watches,"The Rolex Cellini Moonphase is a masterpiece of horology, featuring a moon phase complication and exquisite design. It reflects Rolex's commitment to precision and elegance.","I lost a watch that's a pretty high-end model, it's got a silver case with a moon phase display on the face and it's just really nicely made. It's a pretty distinctive-looking watch, so I'm hoping someone might have seen it lying around or something.",12999.99,https://cdn.dummyjson.com/product-images/mens-watches/rolex-cellini-moonphase/thumbnail.webp,images/PROD_116.jpg,dummyjson
PROD_117,Rolex Datejust,mens-watches,"The Rolex Datejust is an iconic and versatile timepiece with a date window. Known for its timeless design and reliability, it's a symbol of Rolex's watchmaking excellence.","I lost a silver and gold watch with a date window, it's a pretty classic design that's just a bit scratched on the edge, and it's got a pretty long strap that might be a bit too loose. I think I had it when I was walking across campus, but it's gone now and I'm not really sure where I lost it.",10999.99,https://cdn.dummyjson.com/product-images/mens-watches/rolex-datejust/thumbnail.webp,images/PROD_117.jpg,dummyjson
PROD_118,Rolex Submariner Watch,mens-watches,"The Rolex Submariner is a legendary dive watch with a rich history. Known for its durability and water resistance, it's a symbol of adventure and exploration.","I lost a watch that I think is a Rolex Submariner, it's a pretty distinctive style with a black and blue face and a bunch of other markings that I don't know the exact meaning of, but it's definitely got some serious depth to it.",13999.99,https://cdn.dummyjson.com/product-images/mens-watches/rolex-submariner-watch/thumbnail.webp,images/PROD_118.jpg,dummyjson
PROD_119,Amazon Echo Plus,mobile-accessories,The Amazon Echo Plus is a smart speaker with built-in Alexa voice control. It features premium sound quality and serves as a hub for controlling smart home devices.,"I lost a smart speaker that's a little larger than a hockey puck, it's got a round body with a speaker on top and a small screen on the side, and it's got a weird cord that plugs into a wall outlet. It's got a fancy voice assistant that can do lots of stuff, but I'm not really sure what else it can do besides play music and answer questions.",99.99,https://cdn.dummyjson.com/product-images/mobile-accessories/amazon-echo-plus/thumbnail.webp,images/PROD_119.jpg,dummyjson
PROD_120,Apple Airpods,mobile-accessories,"The Apple Airpods offer a seamless wireless audio experience. With easy pairing, high-quality sound, and Siri integration, they are perfect for on-the-go listening.","I lost a pair of earbuds - they're a type of wireless earbuds that I use for listening to music or watching videos, and they have a bit of a distinct shape to them, but I'm not really sure what the exact design is.",129.99,https://cdn.dummyjson.com/product-images/mobile-accessories/apple-airpods/thumbnail.webp,images/PROD_120.jpg,dummyjson
